candidato_id,candidato
1,Michelle Bachelet Jeria
2,Evelyn Matthei Fornet
3,Marco Enriquez-Ominami Gumucio
4,Franco Aldo Parisi Fernandez
5,Marcel Claude Reyes
6,Alfredo Sfeir Younis
7,Roxana Miranda Meneses
8,Votos Nulos
9,Votos En Blanco
10,Ricardo Israel Zipper
11,Tomas Jocelyn-Holt Letelier
12,Luis Rocafull Lopez
13,Vlado Mirosevic Verdugo
14,Eduardo Pinones Pinones
15,Nino Baltolu Rasera
16,Ximena Valcarce Becerra
17,Orlando Severo Vargas Pizarro
18,Enrique Lee Flores
19,Anibal Eduardo Diaz Gonzalez
20,Andrea Molina Oliva
21,Christian Urizar Munoz
22,Eduardo Cerda Garcia
23,Hotuiti Teao Drago
24,Luis Soto Perez
25,Luis Alberto Ristempart Soto
26,Leticia Olavarria Carcamo
27,Marco Antonio Nunez Lozano
28,Gaspar Rivas Sanchez
29,Felipe Cuevas Mancilla
30,Miguel Moreno Garcia
31,Hector Christian Perez Meneses
32,Rodrigo Alex Gorigoitia Munoz
33,Gustavo Ristempart Soto
34,Marcelo Schilling Rodriguez
35,Arturo Squella Ovalle
36,Arturo Longton Guerrero
37,Daniel Verdessi Belemmi
38,Ashly Tamara Venegas Clobares
39,Martin Ristempart Soto
40,Aldo Cornejo Gonzalez
41,Joaquin Godoy Ibanez
42,Jaime Barrientos Ramirez
43,Jorge Coulon Larranaga
44,Daniela Lopez Leiva
45,Sebastian Farfan Salinas
46,Jose Andres Gonzalez Neira
47,Jose Andres Otarola Caceres
48,Osvaldo Urrutia Soto
49,Rodrigo Gonzalez Torres
50,Ricardo Bravo Oliva
51,Carlos Gomez Gonzalez
52,Patricio Munoz Castillo
53,Eric Marcial Nahuelpi Villar
54,Jaime Heriberto Sanchez Villegas
55,Victor Alonso Ugarte Duque
56,Victor Torres Jeldes
57,Maria Jose Hoffmann Opazo
58,Fernando Rodriguez Vicuna
59,Omar Morales Marquez
60,Marcela Alejandra Espinoza Vidal
61,Milko Caracciolo Soto
62,Fabiola Reyes Caceres
63,Gabriel Silber Romo
64,Patricio Melero Abaroa
65,Lorena Rojas Mendoza
66,Gonzalo Rene Rovira Soto
67,Ricardo Ivan Maldonado Olivares
68,Juan Enrique Valenzuela Vargas
69,Daniela Reyes Villegas
70,Nelida Torres Salazar
71,Raul Olivares Sepulveda
72,Daniel Alejandro Farcas Guendelman
73,Karla Rubilar Barahona
74,Ruben Carvacho Saez
75,Jose Burmeister Lobato
76,Caroll Andrea Cuellar Godoy
77,Rolando Paul Jimenez Perez
78,Pablo Jofre Rivano
79,Jorge Eduardo Rosales Vargas
80,Andres Eugenio Sepulveda Rojas
81,Marcelo Castillo Duvauchelle
82,Luis Alberto Urzua Arredondo
83,Cristina Girardi Lavin
84,Nicolas Monckeberg Diaz
85,Daniel Escobar Escobar
86,Raul Andres Palacios Auspont
87,Oriele Maria Eugenia Nunez Serrano
88,Ivan Gerardo San Martin Flores
89,Alejandro Torres de la Barra
90,Juan Lopez Baldoma
91,Carlos Edinson Lisperguer Sanchez
92,Karol Cariola Oliva
93,Claudia Nogueira Fernandez
94,Eduardo Cuevas Rosselot
95,Oscar Santelices Altamirano
96,Galvarino Andres Sazo Bolbaran
97,Juan Francisco Valdes Valencia
98,Roberto Cofre Pinto
99,Claudio Mendez Rojas
100,Eduard Patricio Puran Puran
101,Hugo Gutierrez Galvez
102,Renzo Trisotti Martinez
103,Nestor Jofre Nunez
104,Juan Carlos Liendo Salas
105,Marta Isasi Barbieri
106,Cristian Andres Jamett Pizarro
107,Hector Carlos Ticuna Vilca
108,Cristian Fuentes Manriquez
109,Luis Alberto Corrales Villalobos
110,Pepe Auth Stewart
111,Joaquin Lavin Leon
112,Alejandro Almendares Calderon
113,Lorena Pizarro Sierra
114,Camilo Lagos Miranda
115,Maria Teresa Alvarez Aguilar
116,Claudia Mix Jimenez
117,Julio Munoz San Martin
118,Jose Fuentes Soto
119,Natalia Burgos Leon
120,Esteban Infante Alcaino
121,Marcela Sabat Fernandez
122,Maya Fernandez Allende
123,Sebastian Pavlovic Jeldres
124,Jose Labbe Martinez
125,Francisco Figueroa Cerda
126,Cristian Orlando Villarroel Novoa
127,Rodrigo Roman Andone
128,Giorgio Jackson Drago
129,Felipe Kast Sommerhoff
130,Monica Zalaquett Said
131,Mario Tomas Schilling Fuenzalida
132,Rony Esteban Nunez Mesquida
133,Cristian Orellana Alvarez
134,Octavio Gonzalez Ojeda
135,Eduardo Francisco Contreras Marin
136,Cristian Monckeberg Bruner
137,Ernesto Silva Mendez
138,Sebastian Iglesias Sichel Ramirez
139,Enrique Luis Accorsi Opazo
140,Patricia Morales Errazuriz
141,Beatriz Violeta Stager Ruiz
142,Catalina Valenzuela Maureira
143,Atilio Herrera Ortiz
144,Cristian Hormazabal Cepeda
145,Lucas Blaset Perez
146,Jaime Pilowsky Greene
147,Jose Antonio Kast Rist
148,Catalina del Real Mihovilovic
149,Victor Jeame Barrueto
150,Raul Florcita Alarcon Rojas
151,Eduardo Giesen Amtmann
152,Claudio Marcelo Venegas Rojas
153,Gonzalo Gachot Hernandez
154,Virjinia Toro Cepeda
155,Antonio Alfredo Reyes Guasta
156,Ramon Farias Ponce
157,Claudio Arriagada Macaya
158,Felipe Salaberry Soto
159,Gonzalo Diaz del Rio Riesco
160,Gonzalo Eugenio Montoya Riquelme
161,Luis Esteban Pizarro Veliz
162,Salvador Victor Ojeda Vasquez
163,Juan Carlos Ruz Herrera
164,Cristobal Saez Valdebenito
165,Cristian Raul Avila Cerda
166,Camila Vallejo Dowling
167,Gustavo Hasbun Selume
168,Ximena Ossandon Irarrazabal
169,Patricio Basso Gallo
170,Jose Antonio Henriquez Muniz
171,Max Saldana Carrasco
172,Rafael Soto Contreras
173,Patricio Altamirano Arancibia
174,Inglea Collao Gazmuri
175,Paola Vidal Vergara
176,Rodrigo Cortez Sasso
177,Tucapel Jimenez Fuentes
178,Daniel Melo Contreras
179,Jorge Alessandri Vergara
180,Mario Desbordes Jimenez
181,Varinia Yuseth Aravena Perez
182,David Ulises Mateluna Lagos
183,Sergio Hernan Larrain Sanchez
184,Ingrid Araus Vera
185,Miguel Serrano Spaltman
186,Guillermo Teillier del Valle
187,Pedro Browne Urrejola
188,Ignacia Golborne Piccardo
189,Alejandro Anselmo Sule Fernandez
190,Juan Luis Lemunir Epuyao
191,Felipe Augusto Duran Martinez
192,Carlos Ripetti Pena
193,Matias Freire Vallejos
194,Nancy Domitila Orellana Varas
195,Osvaldo Andrade Lara
196,Leopoldo Perez Lahsen
197,Patricio Laguna Gebauer
198,Marcela Labrana Santana
199,Victor Ortiz Avendano
200,Lucy Ovando Vasquez
201,Gonzalo Eduardo Iniguez Gonzalez
202,Larry Garate Rivera
203,Adrian Barahona Dieguez
204,Marcos Andres Espinosa Monardes
205,Felipe Ward Edwards
206,Daniel Agusto Perez
207,Cristian Cuevas Zambrano
208,Wilson Manuel Reyes Araya
209,Bernardo Hevia Garrido
210,Luis Armando Contreras Rivera
211,Pablo Onell Aracena
212,Leonardo Soto Ferrada
213,Jaime Bellolio Avaria
214,Carlos Cruz-Coke Carvallo
215,Marisela del Carmen Santibanez Novoa
216,Nicolas Malcoux Henriquez Suazo
217,David Morales Nordetti
218,Carlos Andres Mancilla Ortiz
219,Felix Antonio Marinao Flores
220,Henry Rutconsky Figueroa
221,Ignacio Andres Seguel Robles
222,Denise Pascal Allende
223,Juan Antonio Coloma Alamos
224,Jessica Mualim Fajuri
225,Patricio Gonzalez Dolz
226,Francisco Alberto Parra Pinto
227,Jorge Madriaga Celis
228,Manuel Retamal Jara
229,Esperanza Priscila Rubio Abarca
230,Marcelo Lopez Salazar
231,Arsenio Alvarez Armijo
232,Juan Luis Castro Gonzalez
233,Issa Kort Garriga
234,Pamela Medina Schulz
235,Eduardo Javier Vergara Bolbaran
236,Ricardo Cerda Arancibia
237,Ivan Acosta Galaz
238,Ricardo Rincon Gonzalez
239,Felipe Letelier Norambuena
240,Patricio Rey Sommer
241,Lucia Munoz Sandoval
242,Carlos Enrique Ortega Aedo
243,Cristian Alfredo Rojas Donoso
244,Antonio Rojas Espinoza
245,Victor Lagunas Leon
246,Alejandra Sepulveda Orbenes
247,Javier Macaya Danus
248,Juan Pablo Camiruaga Espinola
249,Juan de Dios Parra Sepulveda
250,Miguel Gonzalez Feliu
251,Benjamin Nelson Araneda Gonzalez
252,Victor Hugo Camilla Reyes
253,Camilo Rice Schumacher
254,Sergio Espejo Yaksic
255,Ramon Barros Montero
256,Romina Fernandez Gatica
257,Anibal Perez Lobos
258,Cristian Salinas Herrera
259,Eduardo Tobar Lagos
260,Washington Leoncio Araneda Carrasco
261,Hector Miguel Littin Luengo
262,Roberto Leon Ramirez
263,Celso Morales Munoz
264,Sergio Correa Espinosa
265,Sergio Monsalve Vergara
266,Paola Parra
267,Luis Fernando Bravo Quijada
268,Miguel Angel Mino Lillo
269,Sergio Patricio Aguilo Melo
270,German Verdugo Soto
271,Juan Valdebenito Mansilla
272,Maria Elena Villagran Paredes
273,Carlos Felipe Drews Rubilar
274,Alvaro Adriano Monsalve Salas
275,Marcelo Rioseco Pais
276,Pablo Lorenzini Basso
277,Pedro Pablo Alvarez-Salamanca Ramirez
278,Catalina Parot Donoso
279,Mauricio Munoz Rojas
280,Jorge Tarud Daccarett
281,Romilio Gutierrez Pino
282,Rodrigo Iturriaga Delgado
283,Jaime Naranjo Ortiz
284,Yanis Maria Vergara Encina
285,Rafael Esteban Correa Orellana
286,Sergio Carvajal Cadiz
287,Marcela Ximena Hernando Perez
288,Paulina Nunez Urrutia
289,Eslayne Portilla Barraza
290,Valentin Volta Valencia
291,Jonathan Rodrigo Velasquez Ramirez
292,Alejandro Manriquez Piccinini
293,Alvaro Fernando Fernandez Slater
294,Guillermo Antonio Acuna Chavez
295,Miguel Angel Abarca Araya
296,Guillermo Ceroni Fuentes
297,Ignacio Urrutia Bonilla
298,Jose Ignacio Pinochet Olave
299,Manuel Matta Aragay
300,Alejandro Viovy Apablaza
301,Luciano Andres Luman Luman
302,Carlos Abel Jarpa Wevar
303,Rosauro Martinez Labbe
304,Rodrigo Sandoval Teran
305,Carlos Arzola Burgos
306,Carmen Gloria Cornejo Soto
307,Ricardo Mauricio Mora Munoz
308,Jorge Sabag Villalobos
309,Loreto Carvajal Ambiado
310,Frank Sauerbaum Munoz
311,Jaime Guilisasti Palacios
312,Hector Arriagada Parra
313,Cristian Campos Jara
314,Jorge Ulloa Aguillon
315,Jorge Madariaga Burrows
316,Raul Sunico Galdames
317,Jose Alejandro Lopez Cartes
318,Mauricio Concha Alarcon
319,Jorge Osvaldo Monje Chavez
320,Marcel Coindreau Maldonado
321,Jose Miguel Ortiz Novoa
322,Enrique Van Rysselberghe Herrera
323,Francesca Munoz Gonzalez
324,Jaime Soto Figueroa
325,Daniel Rozas Parada
326,Claudia Arriagada Parra
327,Alexis Leonardo Silva Navarrete
328,Arturo Eduardo Espinoza Brower
329,Francisco Cordova Echeverria
330,Claudia Kriman Chocano
331,Clemira Pacheco Rivas
332,Marcelo Chavez Velasquez
333,Sergio Bobadilla Munoz
334,Carlos Urrestarazu Carrion
335,Gonzalo Eduardo Reyes Munoz
336,Luis Fraczinet Chavez
337,Hernan Mauricio Cortes Bernal
338,Lorenna Arce Orellana
339,Ana Maria Herrera Ceballos
340,Roberto Andres Francesconi Riquelme
341,Domingo Montecinos Osses
342,Manuel Monsalve Benavides
343,Ivan Norambuena Farias
344,Carlos Martinez Hernandez
345,Joanna Perez Olea
346,Margarita Lobos Gutierrez
347,Elisa Ludgardis Landero Sanchez
348,Jose Perez Arriagada
349,Roberto Poblete Zapata
350,Cristobal Urruticoechea Rios
351,Joel Rosales Guzman
352,Enrique Krause Lobos
353,Juan Jose Torres Paredes
354,Barbara Paz Ulloa Perez
355,Antonio Gutierrez Bravo
356,Mario Venegas Cardenas
357,Jorge Rathgeb Schifferli
358,Gonzalo Arenas Hodar
359,Valeria Rain Calfiman
360,Diego Alexis Ancalao Gavilan
361,Fuad Chahin Valenzuela
362,Diego Paulsen Kehr
363,Enrique Estay Penaloza
364,Marcelo Segura Herrera
365,Marcelino Collio Calcomin
366,Gloria Mujica Ascui
367,Lautaro Carmona Soto
368,Daniella Cicardini Milla
369,Carlos Vilches Guzman
370,Baldo Violic Astorga
371,Federico Fernando Ewert Daza
372,Paulo Cesar Macias Urizar
373,Alexis Mauricio Roger Barros
374,Rene Saffirio Espinoza
375,German Becker Alvear
376,Ximena Urzua Zirotti
377,Romina Tuma Zeidan
378,Marco Lobos Vasquez
379,Hugo Herrera Vidal
380,Luis Fernando Vivanco Manriquez
381,Andre Cabrolier Sanhueza
382,Joaquin Tuma Zedan
383,Jose Manuel Edwards Silva
384,Mauricio Ojeda Rebolledo
385,Juan Carlos Paillalef Alarcon
386,Alexander Lavin Molina
387,Fernando Meza Moncada
388,Rene Manuel Garcia Garcia
389,Francisco Reyes Salgado
390,Jose Montalva Feuerhake
391,Jose Castro Mendez
392,Ivan Flores Garcia
393,Bernardo Berger Fett
394,Remza Delic Sasso
395,Boris Olguin Morales
396,Maria Angelica Alvear Montecinos
397,Hugo Gerter Jara
398,Pablo Andres Moya Nunez
399,Edwin Rene Arancibia Rojas
400,Enrique Jaramillo Becker
401,Gonzalo Fuenzalida Figueroa
402,Gaston Von Muhlenbrock Zamora
403,Patricio Ulloa Heinsohn
404,Paolo Alexander Alderete Perez
405,Rodrigo Erazo Walton
406,Sergio Ojeda Uribe
407,Javier Hernandez Hernandez
408,Rodrigo Carrasco Arata
409,Gustavo Salvo Pereira
410,Juan Carlos Soto Sanhueza
411,Samuel Hernan Guzman Traimun
412,Mario Jacinto Gonzalez Esparza
413,Vicente Alberto Papic Arce
414,Fidel Espinoza Sandoval
415,Felipe de Mussy Hiriart
416,Marcelo Ruiz Alvarez
417,Adolfo Alvial Munoz
418,Orietta Llauca Huala
419,Veronica Graciela Cifuentes Gutierrez
420,Donald Javier Salgado Mac-Conell
421,Luis Felipe Zuniga Obando
422,Mauricio Alejandro Henriquez Barria
423,Patricio Vallespin Lopez
424,Marisol Turres Figueroa
425,Luis Masferrer Farias
426,Leopoldo Pineda Herrera
427,Jose Roberto Aburto Barria
428,Carol Paulina Vukasovic Montt
429,Gonzalo Miguel Valenzuela Oyarzo
430,Mario Eduardo Paredes Lopez
431,Jenny Alvarez Vera
432,Alejandro Santana Tirachini
433,Pablo Santiago Livesey
434,Mauricio Henriquez Sandoval
435,Victor Hugo Bahamonde Brintrup
436,Susana de Lourdes Garces Remolcoy
437,Heriberto Federico Diaz Lipski
438,Maria Gladis Oyarzo Zuniga
439,Ivan Fuentes Castillo
440,David Sandoval Plaza
441,Antonio Horvath Gutierrez
442,Viviana Betancourt Gallegos
443,Rene Alinco Bustos
444,Victor Acevedo Rivera
445,Claudia Andrea Torres Delgado
446,Yasna Provoste Campillay
447,Alberto Robles Pantoja
448,Jaime Mulet Martinez
449,Andres Astudillo Benitez
450,Giovanni Calderon Bassi
451,Patricio Urquieta Garcia
452,Gabriel Boric Font
453,Juan Enrique Morano Cornejo
454,Domingo Rubilar Ruiz
455,Sandra Amar Mancilla
456,Gloria Vilicic Pena
457,Karim Bianchi Retamales
458,Rodrigo Utz Contreras
459,Margarita Novakovic Kalasich
460,Jorge Patricio Ivelic Suarez
461,Raul Saldivar Auger
462,Sergio Gahona Salazar
463,Pablo Argandona Medina
464,Ernesto Velasco Rodriguez
465,Julio Moises Zapata Rodriguez
466,Kenneth Arnaldo Romero Quiroz
467,Luz Eliana Rojas Zambra
468,Matias Walker Prieto
469,Daniel Nunez Arancibia
470,Susana Verdugo Baraona
471,Joyce Llewellyn Tame
472,Pedro Antonio Velasquez Seguel
473,Elizabeth Pizarro Olivares
474,Roberto Perez Cristia
475,Daniella Cortes Bauer
476,Luis Lemus Aracena
477,Jorge Enrique Insunza Gregorio de Las Heras
478,Ivan Cisternas Tapia
479,Fernando Herman Herrera
480,Alberto Chavez Astudillo
481,Jose Antonio Salinas Pinto
482,Jaime Orpis Bouchon
483,Rossi Ciocca Fulvio
484,Daniel Espinoza Cavieres
485,Urrutia Cardenas Salvador
486,Julio Lagos Cosgrove
487,Andres Zaldivar Larrain
488,Juan Antonio Coloma Correa
489,Robert Morrison Munro
490,Jaime Gazmuri Mujica
491,Mercedes Bravo Valenzuela
492,Ximena Rincon Gonzalez
493,Hernan Larrain Fernandez
494,Juan Ariztia Correa
496,Marilen Cabrera Olmos
497,Alberto Espina Otero
498,Jaime Quintana Leal
500,Cecilia Villouta Carpinello
501,Roberto Munoz Barra
502,Enrique Sanhueza Burgoa
503,Juan Enrique Prieto Urzua
504,Eugenio Tuma Zedan
505,Jose Garcia Ruminot
506,Ena Von Baer Jahn
507,Francisco Huenchumilla Jaramillo
508,Eduardo Diaz del Rio
509,Jose Villagran Sandoval
511,Patricio Walker Prieto
512,Antonio Horvath Kiss
513,Eduardo Cruces Burgos
514,Paz Foitzich Sandoval
516,Isabel Allende Bussi
517,Baldo Prokurica Prokurica
518,Cristian Letelier Aguilar
519,Antonio Leal Labrin
521,Robinson Pena Moraleda
522,Lily Perez San Martin
523,Ignacio Walker Prieto
524,Nelson Avila Contreras
525,Marcelo Forni Lobos
526,Carlos Ominami Pascual
527,Cristian Garcia-Huidobro Lira
528,Lautaro Velasquez Carrasco
529,Francisco Chahuan Chahuan
530,Ricardo Lagos Weber
531,Hernan Pinto Miranda
532,Joaquin Lavin Infante
533,Juan Guzman Tapia
534,Raul Silva Vergara
535,Alejandro Navarro Brain
536,Jacqueline Van Rysselberghe Herrera
537,Daniel Contesse Gonzalez
538,Camilo Escalona Medina
539,Rafael Eduardo Garay Pita
540,Osman Lenin Vasquez Varela
541,Graciela Gonzalez Gatica
542,Javier Sandoval Ojeda
543,Loreto Munoz Gutierrez
544,Felipe Harboe Bascunan
545,Victor Perez Varela
546,Rosa Oyarce Suazo
547,Hosain Sabag Castillo
548,Juanita Odett Carrasco Fray
549,Hector Joaquin Seguel San Martin
550,Alfonso de Urresti Longton
552,Fernando Andres Schultz Oettinger
553,Abernego Mardones Riquelme
554,Alejandro Aravena Retamal
555,Dulcelina Yolanda Isabel Candia Oakley
556,Rodrigo Munoz Figueroa
557,Rabindranath Quinteros Lara
558,Ivan Moreira Barros
559,Carlos Ignacio Kuschel Silva
560,Gabriel Ascencio Mansilla
561,Carolina Goic Boroevic
562,Carlos Bianchi Chelech
563,Sergio Tapia Ogeda
564,Miodrag Marinovic Solo de Zaldivar
565,Francisco Berger Dempster
566,Pedro Munoz Aburto
567,Alejandro Guillier Alvarez
568,Pedro Araya Guerrero
569,Manuel Rojas Molina
570,Carlos Cantero Ojeda
571,Daniel Andres Guevara Cortes
572,Jimena Estrella Orrego Henriquez
573,Gisela Contreras Brana
574,Jorge Pizarro Soto
575,Adriana Munoz D'albora
576,Gonzalo Uriarte Herrera
577,Mario Bertolino Rendic
578,Luis Vega Gonzalez
579,Guido Girardi Lavin
580,Andres Allamand Zavala
581,Pablo Zalaquett Said
582,Alberto Undurraga Vicuna
583,Eduardo Gutierrez Gonzalez
584,Sergio Enrique Flores Ramirez
585,Wilfredo Alfsen Ovando
586,Carlos Alberto Munoz Flores
587,Manuel Jose Ossandon Irarrazabal
588,Carlos Montes Cisternas
589,Soledad Alvear Valenzuela
590,Laurence Golborne Riveros
591,Jose Antonio Carreno Fraile
592,Esteban Valerio Silva Cuadra
593,Luis Mariano Rendon Escobar
594,Ivan Carrasco Mora
595,Juan Guillermo Ossa Lagarrigue
596,Patricio Guzman Sinkovich
597,Juan Pablo Letelier Morel
598,Alejandro Garcia-Huidobro Sanfuentes
599,Alberto Cardemil Herrera
600,Juan Carlos Latorre Carmona
601,Luis Felipe Garcia Merino
602,Jose Luis Yanez Maldonado
603,Santiago Enrique Vera Torrealba
604,Guillermo Urquiza Tapia
605,Victor Pinto Munoz
606,Luis Ernesto Ahumada Hormazabal
607,Roberto Torres Huerta
608,Fidel Valenzuela Madrid
609,Nivaldo Eusebio Pinaleo Llaulen
610,Felix Segundo Vita Manquepi
611,Carmen Bou Bou
612,Gudelio Ramirez Ibarbe
613,Patricio Elias Ferreira Rivera
614,Ramon Galleguillos Castillo
615,German Antonio Quiroz Cancino
616,Daniel Josue Sola Alfaro
617,Ruben Alejandro Lopez Parada
618,Farid Llamil Danilla Amudio
619,Carlos Gomez Miranda
620,Federico Kruger Finsterbusch
621,Soledad Moreno Nunez
622,Juan Carlos Alfaro Aravena
623,Angela Guerra Araya
624,Rene Alex Olivarez Cortes
625,Enrique Neira Neira
626,Tamara Antonietta Carvajal Sagredo
627,Karen Paulina Rojo Venegas
628,Manuel Ernesto Rojas Molina
629,Daniel Ernesto Adaro Silva
630,Ricardo Heriberto Diaz Cortes
631,Andrea Merino Diaz
632,Jaime Araya Guerrero
633,Jennifer Violeta Mundaca Grez
634,Jorge Perez Jelves
635,Miguel Abuter Leon
636,Claudio Andres Reyes Jelves
637,Mauricio Alejandro Saldias Parra
638,Jaime Fernando Hohmann Gallegos
639,Mauricio Alarcon Guzman
640,Nelson Leal Espinoza
641,Walter Rodriguez Leal
642,Gerardo Espindola Rojas
643,Rodrigo Cuevas Troncoso
644,Jose Durana Semir
645,Andrea Murillo Neumann
646,Jose Gustavo Lee Rodriguez
647,Christian Rodrigo Alvarez Mancilla
648,Andrea Perez Cortes
649,Bernardo Olivos Azua
650,Marcos Navarro Argandona
651,Anibal Diaz Gonzalez
652,Gabriel Alamo Alamo
653,Oscar Servando Catalan Sanchez
654,Marcelo Rodriguez Aviles
655,Miguel Araya Lobos
656,Angel Bozan Ramos
657,Rodrigo Humberto Cerda Candia
658,Pedro Nunez Cerda
659,Jorge Napoleon Hidalgo Onate
660,Guillermo Alejandro Yeber Rodriguez
661,Ricardo Soto Torres
662,Ernesto Sanchez Fuentes
663,Alberto Patricio Aliaga Diaz
664,Victor Donoso Oyanedel
665,Patricio Fernandez Alarcon
666,Rodolfo Moncada Salazar
667,Mario Alejandro Gierke Quevedo
668,Hasan Sabag Castillo
669,Jorge Brito Gajardo
670,Oscar Ordenes Guinez
671,Angelique Nicole Araya Hernandez
672,Esteban Jorge Velasquez Nunez
673,Sandra Jeanette Cortes Diaz
674,Omer Emeth Torres Mora
675,Patricia Alejandra Rodriguez Chelmes
676,Juan de Dios Alfaro Cutipa
677,Ruben Cardenas Gomez
678,Felipe Maluenda Araya
679,Paulino Diaz Ruiz
680,Francisco Oyarzun Gallardo
681,Ursus Barria Fuentes
682,Brunilda Clementina Gonzalez Anjel
683,Patricia Gonzalez Brizuela
684,Gregorio Campusano Dorador
685,Cecilia del Pilar Martinez Diaz
686,Trinidad Rojo Agusto
687,Eduardo Martinez Machuca
688,Donna Herrera Barrera
689,Sonia Rasjido Avalos
690,Jose Enrique Orrego Gonzalez
691,Carlos Enrique Donoso Iric
692,Erasmo Valenzuela Santibanez
693,Alejandra Novoa Sandoval
694,Nelson Venegas Salazar
695,Luis Gormas Sanchez
696,Francisco Ricardo Calderon Arcos
697,Ivan Martin Romero Menacho
698,Martin Montecinos Romero
699,Sixto Garcia Caceres
700,Evelyn Maria Mamani Viza
701,Lucy Uribe Caipa
702,Doris Aguilera Santos
703,Bernardo Leyton Lemus
704,Norman Araya Araya
705,Jorge Radonich Barra
706,Abraham Silva Sanhueza
707,Miguel Angel Palta Sarmiento
708,Alejandro Saez Veliz
709,Pedro Gabriel Vera Paredes
710,Rodrigo Garcia Tapia
711,Marco Verdala Urzua
712,Claudio Poblete Herrera
713,Rodrigo Martinez Roca
714,Susana Pinto Alcayaga
715,Juan Eduardo Vera Sanhueza
716,Nelson Hugo Aguila Serpa
717,Pedro Isaias Villagra Cordero
718,Yerko Robinson Trivinho Garcia de Castro
719,Boris Luksic Nieto
720,Claudio Nunez Cataldo
721,Juan Carlos Munoz Rojas
722,Rodolfo Aranda Villanueva
723,Arturo Aguirre Gacitua
724,Mauro Tamayo Rozas
725,Luis Plaza Sanchez
726,Luis Molina Gaete
727,Oriele Nunez Serrano
728,Alejandro Oyarzun Toro
729,Clara Lazcano Fernandez
730,Pedro Vasquez Celedon
731,Hector Navarro Garcia
732,Viviana Escarlette Diaz Meza
733,Jose Anibal Perez Meza
734,Raul Salas Aguilera
735,Hector Antonio Volta Rojas
736,Aldo Hernan Tapia Donoso
737,Javier Varas Naranjo
738,Rebeca Cofre Calderon
739,Fabian Andres Soto Gonzalez
740,Jorge Valenzuela Palma
741,Antonio Rivas Villalobos
742,Jorge Carlos Lozano Zapata
743,Ricardo Enrique Ibarra Valdebenito
744,Lilian Marlen Inostroza Parra
745,Brenda Lina Melehuechun Munoz
746,Pablo Cesar Riquelme Haro
747,Carlos Antonio Figueroa Gallardo
748,Sergio Zarzar Andonie
749,Aldo Dino Jose Bernucci Diaz
750,Enrique Edis Jara Rivera
751,Hugo Neftali Guinez Mardones
752,Felipe Aylwin Lagos
753,Rodolfo Victor Gazmuri Sanchez
754,Samuel Jimenez Letelier
755,Rodrigo Gonzalez Rivera
756,Viviana del Carmen Arias Navarrete
757,Juan Illanes Palma
758,Marco Antonio Contreras Jorquera
759,Cosme Mellado Pino
760,Alyson Hadad Reyes
761,Luis Huirilef Barra
762,Bernardita Viscarra Astudillo
763,Fernando Oyarzun Macias
764,Pedro Gerardo Andrade Oyarzun
765,Jose Navarro Oyarzo
766,Francisco Roncagliolo Lepio
767,Miguel Fernando Jara Mardones
768,Julio Manuel Fuentes Alarcon
769,Osvaldo Caro Caro
770,Carlos Soto Sotomayor
771,Silverio Morales Rosales
772,Sergio Tellez Barria
773,Patricio Ulloa Georgia
774,Ximena Alejandra Mardones Torres
775,Ana Maria Silva Gutierrez
776,Joaquin Valenzuela Baeza
777,Rodrigo Pino Ortega
778,Alejandro Pedreros Urrutia
779,Laura Aravena Alarcon
780,Alejandro Huala Canuman
781,Pablo Galilea Carrillo
782,Elson Borquez Yanez
783,Carlos Chandia Alarcon
784,Arnoldo Jimenez Venegas
785,Gregorio Valenzuela Abarca
786,Rodrigo Gonzalez Carrasco
787,Hernan Israel Sepulveda Villalobos
788,Pedro Pablo Munoz Oses
789,Patricio Valenzuela Flores
790,Maria Isabel Jorquera Caceres
791,Javier Garcia Choque
792,Rosauro Garcia Choque
793,Honorio Hilario Mamani Castro
794,Sonia Yenny Garcia Mamani
795,Mario Olavarria Rodriguez
796,Marcos Salgado Balboa
797,Manuel Macaya Ramirez
798,Carolina Lagos Jofre
799,Ema Vidal Diaz
800,Ibar Leiva Quevedo
801,Ruben Jorquera Vidal
802,Marcial Abarca Orellana
803,Jesus Sidharta Perez Franco
804,Pedro Miguel Angel Castillo Diaz
805,Solercio Rojas Aguirre
806,Oscar Armando Sumonte Gonzalez
807,Luis Rivera Caneo
808,Alberto Enrique Fernandez Lopez
809,Sandra Contreras Alvarez
810,Alvaro Ortiz Vera
811,Cristian Van Rysselberghe Herrera
812,Juan Polizzi Contreras
813,Alejandra Smith Becerra
814,Yolanda del Carmen Gonzalez Rebolledo
815,Rene de la Vega Fuentes
816,Marcela Rosales Belmar
817,Loreto Seguel King
818,Esteban Alvear Alvear
819,Gustavo Vergara Rojas
820,Lorenzo Molina Ramirez
821,Carlos Moises Valenzuela Gajardo
822,Roberto del Carmen Urrutia Concha
823,Hugo Reinaldo Tilleria Torres
824,Mauricio Lebrecht Sperberg
825,Carlos Arturo Leal Neira
826,Diego Ibanez Burgos
827,Marcos Lopez Rivera
828,Maglio Cicardini Neyra
829,Sofia Slovena Cid Versalovic
830,Christian Guzman Rojas
831,Inti Eleodoro Salamanca Fernandez
832,Luis Gabriel Marcos Perez
833,Jaime Vargas Guerra
834,Johanna Fernandez Rodriguez
835,Omar Aciar Jeraldo
836,Carlos Ivan Chanampa Bordones
837,Marcelo Alejandro Pereira Peralta
838,Paola Cortes Vega
839,Ricardo Ledezma Jimenez
840,Pedro Antonio Castillo Castillo
841,Cristobal Alejandro Reyes Bielefeld
842,Alfonso Eduardo Ossandon Antiquera
843,Boris Felipe Chamorro Rebolledo
844,Leonidas Romero Saez
845,Pedro Neira Milchio
846,Gaston Perez Gonzalez
847,Leonel Vera Pavie
848,Rosiel Gonzalez Galindo
849,Alfonso Coke Candia
850,Cristian Moraga Lagos
851,Delfor Rosales Gutierrez
852,Jorge Rolando Saquel Albarran
853,Roberto Carlos Quintana Burgos
854,Julia Campos Molina
855,Juan Pablo Barros Basso
856,Cristian Galdames Santibanez
857,Ronald Villegas Labarca
858,Luis Curumilla Sotomayor
859,Victor Ilnao Ilnao
860,Moises Calbucura Morales
861,Luis Gengnagel Gutierrez
862,Leonidas Pena Henriquez
863,Abel Painefilo Barriga
864,Sonia Sabugal Saldana
865,Javier Guarda Matamala
866,Rene Concha Gonzalez
867,Antonio Peredo Peredo
868,Ernesto Gonzalez Barrios
869,Varinia Irma Labarra Palma
870,Javier Munoz Riquelme
871,Hugo Rey Martinez
872,Moises Lucero Guzman
873,Patricia Catalan Devlahovich
874,Juan Segundo Hijerra Seron
875,Juan Carlos Soto Cardenas
876,Ramiro Barria Borquez
877,Sergio Yunger Bahamonde
878,Luis Fernando Perez Guerrero
879,Isaias Florencio Zavala Torres
880,Mario Araya Rojas
881,Hector Zamora Garcia
882,Marcos Antonio Parada Escobar
883,Wladimir Munoz Lagos
884,Boris Acuna Gonzalez
885,Paulo Cesar Morales Arriagada
886,Marcelo Duran Arrate
887,Orozimbo Villarroel Rioseco
888,Sadi Melo Moya
889,Loreto Letelier Barrera
890,Marcelo Andres Olivares Figueroa
891,Ricardo Hernan Cifuentes Perez
892,Jose Hernando San Martin Rubilar
893,Juan Diaz Gonzalez
894,Ester Martinez Nunez
895,Francisco Gomez Ramirez
896,John General Alvarez
897,Pio Ortega Reyes
898,Antonio Aliaga Leiva
899,Natalia Carrasco Pizarro
900,Jose Moraga Lira
901,Catherine Verdugo Tucto
902,Claudio Miguel Clavijo Castillo
903,Emilio Jorquera Romero
904,Luis Alejandro Garcia Jofre
905,Eugenio Galvez Navarrete
906,Maria Castillo Sanchez
907,Manuel Baez Gajardo
908,Gonzalo Tejos Perez
909,Raimundo Enrique Penailillo Carter
910,Mireya Carrasco Jara
911,Jose Nibaldo Vilugron Martinez
912,Valentin Vidal Hernandez
913,Jorge Humberto Sougarret Devaud
914,Rodrigo Delgado Mocarquer
915,Angelica Cid Venegas
916,Doris Dayanna Gonzalez Lemunao
917,Mauricio Santander Videla
918,Jorge Eliecer Roa Villegas
919,Juan Vergara Reyes
920,Gerardo Cid Garrido
921,Jose Bravo Burgos
922,Luis Armando Arias Lopez
923,Tucapel Edgardo Sepulveda Flandes
924,Cesar Orellana Orellana
925,Roberto Bruzzone Galeb
926,Pedro Hirtz Neira
927,Luis Escobar Moore
928,Rodrigo Guarda Barrientos
929,Bernardo Espinoza Villalobos
930,Claus Lindemann Vierth
931,Ramon Espinoza Sandoval
932,Ignacio Godoy Guerrero
933,Fernando Grandon Domke
934,Jose Alejandro Avello Bascur
935,Jorge Fuentealba Troncoso
936,Claudio Rosamel Lavado Castro
937,Sarita Jaramillo Arismendi
938,Marcos Edgardo Hernandez Rojas
939,Fernando Huaiquil Paillal
940,Pablo Artigas Vergara
941,Mireya Castel Cerna
942,Alex Fernando Castillo Blas
943,Marisol Beatriz Paredes Tarqui
944,Rolando Manzano Butron
945,Lucio Condori Alave
946,Guido Siegmund Gonzalez
947,Juan Esteban Meza Moncada
948,Rosa Verdejo Silva
949,Luis Antonio Riquelme Villa
950,Claudio Segovia Cofre
951,Pedro Antonio Pereira Aguilera
952,Javier Pina Pina
953,Cristian Alvarado Oyarzo
954,Marcos Miguel Saavedra Quintallana
955,Luis Antonio Miranda Chiguay
956,Veronica Rossat Arriagada
957,Gaston Emilio Amenabar Paterakis
958,Evelyn Andrea Hornig Olivares
959,Freddy Ibacache Munoz
960,Celso Castro Villarroel
961,Claudio Pucher Lizama
962,Carolina Alejandra Munoz Nunez
963,Katherine Torres Machuca
964,Gabriel Torres Hermosilla
965,Miguel Rivera Morales
966,Elicia Herrera Ferrada
967,Ricardo Fuentes Palma
968,Jorge Mardones Rodriguez
969,Carlos Silva Riquelme
970,Jose Andres Bartolo Vinaya
971,Alejandro Javier Capetillo Caqueo
972,Rodrigo Loyola Morenilla
973,Rony Acuna Borquez
974,Juan Sabando Santibanez
975,Javier Coopman Corral
976,Carlos Cuadrado Prats
977,Carolina Plaza Guzman
978,Victor Mauricio Urzua Maulen
979,Osvaldo Javier Navarro Jamett
980,Denis Enrique Cortes Vargas
981,Raul Musa Ureta
982,Maria Diaz Vega
983,Gonzalo Duran Baronti
984,Antonio Garrido Mardones
985,Rodrigo Barco Sanchez
986,Mauricio Alejandro Vargas Soto
987,Mauricio Alejandro Soria Macchiavello
988,Luz Ebensperger Orrego
989,Miguel Alfredo Rocha Sarmiento
990,Myla Etelvina Chavez Fajardo
991,Miguel Diaz Cid
992,Carlos Adasme Godoy
993,Hernan Leiva Lissembart
994,Carlos Alberto Navarro Gallinato
995,Pedro Pablo Edmunds Paoa
996,Sofia Faundez Hey
997,Lynn Rapu Tuki
998,Leopoldo Gonzalez Charpentier
999,Scheila Recabarren Schiller
1000,Santiago Rebolledo Pizarro
1001,Marcelo Alfaro Valdes
1002,Irma Edith Perez Llanquin
1003,Maite Larrondo Laborde
1004,Filomena Navia Hevia
1005,Darma Odette Lopez Torres
1006,Luis Eduardo Gaete Pulgar
1007,Gaston Fernandez Mori
1008,Hector Osorio Monrreal
1009,Ricardo Hernan Beas Gonzalez
1010,Rodolfo Carter Fernandez
1011,David Peralta Castro
1012,Juan Carlos Zurita Medina
1013,Alexis Schumacher Verdugo
1014,Maria Olga Morales Morales
1015,Felipe Delpin Aguilar
1016,Natalia Valentina Castillo Munoz
1017,Vivian Maira Smith
1018,Antonio Rivas Figueroa
1019,Marisol Jacqueline Llanos Prado
1020,Yerko Galleguillos Ossandon
1021,Uberlinda Aquea Barraza
1022,Rodrigo Sanchez Villalobos
1023,Juan Ibacache Ibacache
1024,Sergio Rosendo Cardoza Villegas
1025,Claudia Pizarro Pena
1026,Olga Gonzalez del Riego Garcia
1027,Diego Iglesias Carranza
1028,Jose Anselmo Hidalgo Zamora
1029,Adolfo Rojas Perez
1030,Jorge Alejandro Nunez Sandoval
1031,Jose Manuel Palacios Parra
1032,Raul Donckaster Fernandez
1033,Pedro Davis Urzua
1034,Gabriel Luna Navarro
1035,Roberto Jacob Jure
1036,Yuri Alejandro Olivares Olivares
1037,Hanne Utreras Peyrin
1038,Alex Fernando Garrido Tapia
1039,Nicolas Alberto Jarufe Giadalah
1040,Luciano Esquivel Galleguillos
1041,Luis Eduardo Vega Gonzalez
1042,Aldo Pinuer Solis
1043,Maria Angelica Astudillo Mautz
1044,Mario Osvaldo Ortiz Cuevas
1045,Mario Rubin Naipayan Pardo
1046,Miguel Meza Shwenke
1047,Herman Andres Portales Osorio
1048,Alberto Bernabe Rodriguez Molina
1049,Excequiel Gallardo Cortez
1050,Nelson Opazo Lopez
1051,Gaspar Aldea Cadagan
1052,Doly Paola Cadagan Mardones
1053,Oscar Claudio Cespedes Cadagan
1054,Ricardo Ritter Rodriguez
1055,Jose Luis Quelin Marquez
1056,Nelson Antonio Caniu Colivoro
1057,Carlos Alarcon Villegas
1058,Carlos Rowland Ovando
1059,Vladimir Fica Toledo
1060,Jose Pinto Albornoz
1061,Alex Osses Osses
1062,Rolando Pena Riquelme
1063,Maria Luisa Vargas Pellet
1064,Juan Eugenio Santana Paredes
1065,Rigoberto Leiva Parra
1066,Fernando Correa Cisterna
1067,Juan Luis Fabia Lopez
1069,David Silva Johnson
1070,Willem Schuitemaker Truffello
1071,Nicolas Espinoza Araya
1072,Raul Alberto Schifferli Diaz
1073,Marcelo Jano Morales
1074,Cristian Abel Pena Morales
1075,Ricardo Venegas Maldonado
1076,Marcelo Fernandez Vilos
1077,Hector Quiero Palacios
1078,Valerie Coffin Fuenzalida
1079,Daniel Morales Espindola
1080,Alvaro Zamora Perez
1081,Cynthia Marin Vera
1082,Mario Meza Vasquez
1083,Fresia Eugenia Yanez Yanez
1084,Rene Acuna Echeverria
1085,Marco Antonio Cornejo Ceron
1086,Victor Ruben Angulo Munoz
1087,Luis Orostica Salinas
1088,Andrea Tarzijan Kauak
1089,Walterio Vargas Gomez
1090,Edgardo Raul Gonzalez Arancibia
1091,Jaime Miranda Herrera
1092,Carolina Montenegro Rojas
1093,Felipe Guevara Stephens
1094,Carlos Ward Edwards
1095,Rafael Patricio Walker Salgado
1096,Miguel Bruna Silva
1097,Carlos Inostroza Ojeda
1098,Elizabeth del Carmen Henriquez Leiva
1099,Gabriel Orellana Cisterna
1100,Maximiliano Rios Galleguillos
1101,Ricardo Flores Gomez
1102,Felipe Armijo Sanchez
1103,Marco Antonio Marin Rodriguez
1104,Cesar Rojas Gaete
1105,Sergio Ricardo Pena Riquelme
1106,Alexis Arturo Pineda Ruiz
1107,Miguel Jimenez Valderrama
1108,Cristian Menchaca Pinochet
1109,Gonzalo Jara Reyes
1110,Gilberto Nibaldo Alegria Alegria
1111,Guido Barria Oyarzun
1112,Juan Fuentes Cid
1113,Evaristo Curical Nanco
1114,Mauricio Enrique Alarcon Vidal
1115,Jorge Fuentes Fetis
1116,Feizal Azat Gazale
1117,Manuel Rivera Martinez
1118,Maria Victoria Rodriguez Herrera
1119,Edith Clarisa Quiroz Ortiz
1120,Marianella Benavides Cardenas
1121,Antonio Ayala Abarca
1122,Esteban Krause Salazar
1123,Eduardo Borgono Bustos
1124,Julio Rodrigo Arredondo Espinoza
1125,Bernardo Canales Carrasco
1126,Byron Alexander Calvert Contreras
1127,Samuel Ivan Torres Sepulveda
1128,Juan Carlos Farias Silva
1129,Miguel Alejandro Moya Lopez
1130,Simon Mansilla Roa
1131,Emilio Gonzalez Burgos
1132,Eduardo Abraham Meersohn Ernst
1133,Guido Omar Torres Silva
1134,Gaston Mella Arzola
1135,Ramon Vilches Alvarez
1136,Victor Hugo Gonzalez Rodriguez
1137,Manuel Marcarian Julio
1138,Jaime Herrera Flores
1139,Jocelyn Tordecilla Jorquera
1140,Jorge Omar Rojo Villarroel
1141,Claudio Lohse Silva
1142,Mauricio Gabriel Velasquez Valenzuela
1143,Jaime Vasquez Castillo
1144,Patricio Marchant Ulloa
1145,Luis Ceballos Bustos
1146,Sabino Enrique Rivas Ulloa
1147,Manuel Painiqueo Tragnolao
1148,Richard Leonelli Contreras
1149,Alejandro Fuentes Inostroza
1150,Alex Fuentes Inostroza
1151,Jose Miguel Urrutia Celis
1152,Juan Carlos Abud Parra
1153,Gonzalo Montoya Riquelme
1154,Sergio Puyol Carreno
1155,Andres Ugarte Navarrete
1156,Claudio Sepulveda Miranda
1157,Irene Ojeda Munoz
1158,Arturo Fernando Bravo de Petris
1159,Catherine Barriga Guerra
1160,Christian Vittori Munoz
1161,Freddy Campusano Cerda
1162,Claudia Nathalie Mix Jimenez
1163,Sandra Uribe Flores
1164,Valdemar Sanhueza Yevenes
1165,Arturo Campos Astete
1166,Luis Manuel Barra Villanueva
1167,Hector Hernan Flores Penaloza
1168,Zacarias Quintanilla Acevedo
1169,Omar Norambuena Rivera
1170,Jorge Francisco Godoy Bolvaran
1171,Cesar Araos Aguirre
1172,Eduardo Aguirre Gonzalez
1173,Carolina Araos Escandon
1174,Guillermo Rolando Mitre Gatica
1175,Erwin Pacheco Ayala
1176,Jaime Ramirez Marquez
1177,Andres Esteban Jimenez Anabalon
1178,Luis Gabriel Vasquez Galvez
1179,Fresia Faundez Caceres
1180,Jorge John Westermeier Estrada
1181,Hardy Dimter Gallardo
1182,Monica Navarro Bustamante
1183,Cesar Sade Seron
1184,Sergio Vega Venegas
1185,Marcelino Carvajal Ferreira
1186,Eduardo Navarrete Fuentes
1187,Juan Carlos Espinoza Perez
1188,Sara Sanhueza Castillo
1189,Ivan Campos Aravena
1190,Segundo Alfredo Bruna Silva
1191,Alvaro Tobar Gomez
1192,Raul Antonio Rojas Leon
1193,Francisco Parra Pinto
1194,Priscilla Elena Castillo Gerli
1195,Mirtha Segura Ovalle
1196,Marcelo Lobos Vergara
1197,Elias Gonzalez Alvarez
1198,Victor Ricardo Bahamondez Segura
1199,Camilo Ossandon Espinoza
1200,Ivon Guerra Aguilera
1201,Mery Mora Araya
1202,Luis Antonio Gallardo Gallardo
1203,Sergio Medel Acosta
1204,Claudia Caroca Contreras
1205,Gonzalo Andres Meza Vannini
1206,Jorge Alberto Rivas Figueroa
1207,Francisco Jara Delgado
1208,Hugo Inostroza Ramirez
1209,Gerardo Montes Cisternas
1210,Bernes Toloza Luna
1211,Eduardo Escanilla Gaete
1212,Wilson Duarte Rabello
1213,Roberto Anibal Villagra Mella
1214,Fernando Paredes Mansilla
1215,Mario Margoni Gadler
1216,Horacio Maldonado Mondaca
1217,Mario Antonio Gonzalez Soto
1218,Francisco Javier Melo Marquez
1219,Placido Vidal Barnachea
1220,Edwin Von-Jentschyk Cruz
1221,Mauricio Rios Lavado
1222,Carmen Blanco Hadi
1223,Luis Alberto Molina Melo
1224,Paulina Villanueva Andrades
1225,Margarita Osorio Pizarro
1226,Ricardo Aliaga Gomez
1227,Carlos Alberto Ortega Valencia
1228,Gloria Tapia Bahamondes
1229,Nelson Rene Verdejo Zamora
1230,Miguel Calderon Arancibia
1231,Manuel Adolfo Salas Trautmann
1232,Marisol Munoz Canobi
1233,Victor Reimer Seguel Henriquez
1234,Manuel Alejandro Pino Turra
1235,Rodrigo Puentes Cartes
1236,Andres Zarhi Troy
1237,Helia Molina Milman
1238,Cristian Villarroel Novoa
1239,Alejandro Zacur Plotz
1240,Roberto Recabal Carcamo
1241,Jose Claudio Fica Gomez
1242,Praxedes de Lourdes Perez Aranguiz
1243,Maria Estrella Montero Carrasco
1244,Carlos Reygadas Bavestrello
1245,Victor Nina Huanca
1246,Humberto Jose Flores Gonzalez
1247,Javier Vicentelo Vicentelo
1248,Carlos Anza Munoz
1249,Macarena Santelices Canas
1250,Luis Alberto Cordova Gonzalez
1251,Tomas del Carmen Aranda Miranda
1252,Jaime Bertin Valenzuela
1253,Jorge Rene Tejeda Roa
1254,Mario Bello Garrido
1255,Claudio Renteria Larrondo
1256,Cristian Saez Cariz
1257,Gary Barraza Jofre
1258,Alvaro Maximiliano Arroyo Segovia
1259,Diego Alfonso Contreras Dominguez
1260,Jose Miguel Arellano Merino
1261,Felipe Munoz Heredia
1262,Nolberto Orellana Morales
1263,Antonio Silva Murua
1264,Juan Delgado Castro
1265,Ana Maria Soto Cea
1266,Hernan Ahumada Ahumada
1267,Orlando Chelme Aliaga
1268,Ramona Reyes Painequeo
1269,Carlos Rolack Hueitra
1270,Mauricio Cortes Oyarzun
1271,Gabriel Jesus Catalan Navarro
1272,Diego Vergara Rodriguez
1273,Cristian Cornejo Fuentes
1274,Ricardo Soto Said
1275,Willy Rosas Delgado
1276,Guillermo White Munoz
1277,Veronica Jara Toledo
1278,Arcenio Lorenzo Vidal Maldonado
1279,Gloria de Las Mercedes Paredes Valdes
1280,Manuel Perez Escobar
1281,Rodrigo Valdivia Orias
1282,Rene Aravena Riffo
1283,Alvaro Mendoza Berrocal
1284,Luis Pradenas Moran
1285,Gonzalo Vergara Lizana
1286,Rosa Prieto Valdes
1287,Marcela Alejandra Gutierrez Garces
1288,Veronica Elgueta Galmez
1289,Sammy Ormazabal Lopez
1290,Antonio Carvacho Vargas
1291,Emiliano Guerrero Torres
1292,Ariel Hernan Valenzuela Fuenzalida
1293,Paula Retamal Urrutia
1294,Israel Antonio Urrutia Escobar
1295,Hernan Soto Sepulveda
1296,Juan Rozas Romero
1297,Claudina Nunez Jimenez
1298,Eduardo Pastene Azola
1299,Luis Lillo Bettancourt
1300,Carlos Ibanez Hormazabal
1301,Bernardo Vasquez Bobadilla
1302,Alfredo Perez Leiva
1303,Carolina Francisca Olave Seguel
1304,Maria Luz Reyes Orellana
1305,Nelson Leal Bustos
1306,Daniel Eduardo Bustos Leal
1307,Johnnson Guinez Nunez
1308,Julio Munoz Salazar
1309,Oscar Reyes Barra
1310,Lucy Lara Leiva
1311,Jose Miguel Tobar Aravena
1312,Victor Hugo Figueroa Rebolledo
1313,Guillermo Caceres Collao
1314,Rodrigo Vera Riquelme
1315,Hector Alejandro Escalona Inzunza
1316,Virginia Valderrama Nova
1317,Nibaldo Meza Garfia
1318,Manuel Fuentes Rosales
1319,Ariel Alonso Romero Nunez
1320,Jaime Cepeda Flores
1321,Richard Leiva Mendoza
1322,Esteban Caceres Olave
1323,Carolina Leitao Alvarez-Salamanca
1324,Barbara Soto Silva
1325,Guillermo Gonzalez Castro
1326,Juan Luis Gonzalez Poblete
1327,Carlos Utman Goldschmidt
1328,Fabian Ignacio Guajardo Leon
1329,Julio Aravena Zuniga
1330,Cecilia Cabrera Lopez
1331,Luis Alberto Munoz Perez
1332,Ernestina del Carmen Torres Gutierrez
1333,Gustavo Fernando Valdenegro Rubillo
1334,Ignacio Gamalier Villalobos Henriquez
1335,Rene Rodriguez Fredes
1336,Ricardo Santander Yague
1337,Fermin Alejandro Carreno Carreno
1338,Esteban Martinez Rubio
1339,Elias Cid Cortes
1340,Ivan Infante Chacon
1341,Miguel Angel Nunez Herrera
1342,Miguel Rodolfo Castro Challapa
1343,Francisco Alejandro Cabezas Cortes
1344,Clider Fernando Galeas Perez
1345,Daniel Alejandro Godoy Villalobos
1346,Adolfo Ceron Gonzalez
1347,Ximena Valdes Ovalle
1348,Roberto Cordova Carreno
1349,Jorge Fabian Vargas Gonzalez
1350,Marcelo Cabrera Martinez
1351,Mario Alejandro Moraga Caceres
1352,Manuel Jesus Guzman Aedo
1353,Eduardo Larenas Suazo
1354,Adriana Arce Diaz
1355,Cristian Balmaceda Undurraga
1356,Luis Batalle Pedreros
1357,Juan Carlos Salas Barruetos
1358,Jorge Jaramillo Hott
1359,Humberto Catalan Candia
1360,Anselmo Rapiman Marin
1361,Luis Boundy Sierra
1362,Manuel Tulio Contreras Alvarez
1363,Luis Gonzalo Silva Sanchez
1364,Rene Schuffeneger Salas
1365,Modesto Sepulveda Andrade
1366,Marisol Andrade Cardenas
1367,Margarita Norambuena Caviedes
1368,Richard Godoy Aguirre
1369,Jose Fernando Munoz Caceres
1370,Hector Castaneda Mercado
1371,Eduardo Jose Mamani Mamani
1372,Oscar Guillermo Vasquez Cortez
1373,Blagomir Fernando Brztilo Avendano
1374,Gloria Mansilla Mansilla
1375,Maria Josefa Errazuriz Guilisasti
1376,Ivo Tomislav Vukusich Cifuentes
1377,Sergio Gomez Celedon
1378,Maria Jose Cubillos Varas
1379,Eliana Olmos Solis
1380,Marcos Morales Ureta
1381,Hugo Rojas Julio
1382,Rodrigo Vicencio Cisternas
1383,Carlos Barra Matamala
1384,Blanca Beraud Fernandez
1385,Armin Aviles Arias
1386,Patricia Mena Vera
1387,Pedro Orrego Maliqueo
1388,Johnny Carrasco Cerda
1389,Cristian Norambuena Castro
1390,Tamara Valeska Norambuena Arancibia
1391,Hugo Cipriano Norambuena Rodriguez
1392,German Codina Powers
1393,Soledad Barria Iroume
1394,Victor Hugo Ortiz Avendano
1395,Gervoy Paredes Rojas
1396,Jose Segura Diaz
1397,Pedro Sandoval Sanhueza
1398,Sandra Paola Vega Oyarzo
1399,Juan Antonio Espina Avendano
1400,Maria Elena Ojeda Betancourt
1401,Carlos Arturo Pena Rios
1402,Cesar Mario Olavarria Hueitiao
1403,Andres Saldivia Urrutia
1404,Jorge Campos Saldana
1405,Ramon Bahamonde Cea
1406,Ivan Leonhardt Cardenas
1407,Carlos Recondo Lavanderos
1408,Eduardo Hernandez Agurto
1409,Juan Patricio Godoy Godoy
1410,Margot Violeta Alvarado Messer
1411,Foch Metayer Manosalva
1412,Francisco Castro Galvez
1413,Angel Emilio Soto Cornejo
1414,Carlos Araya Bugueno
1415,Pedro Valdivia Ramirez
1416,Blanca Elena Araya Zepeda
1417,Cedelinda Valdivia Moreno
1418,Carlos Javier Ortiz Rojas
1419,Francisco Javier Morgado Salfate
1420,Claudio Radonich Jimenez
1421,Ramon Lobos Vasquez
1422,Emilio Boccazzi Campos
1423,Jessica Bengoa Mayorga
1424,David Romo Garrido
1425,Victor Aguilar Oyola
1426,Veronica Oyarzun Oyarzo
1427,Emilio Luis Aguilar Alvarado
1428,Pedro Nicolas Montecinos Montiel
1429,Rodrigo Ojeda Cardenas
1430,Eduardo Eliseo Barria Borquez
1431,Jorge Rivera Leal
1432,Valentin Caamano Mora
1433,Jorge Antonio Astete Casanova
1434,Hector Alejandro Barria Angulo
1435,Manuel Barria Barria
1436,Guillermo Reyes Cortez
1437,Roberto Martinez Jarufe
1438,Maricel Patricia Gutierrez Castro
1439,Angelo Alejandro Carrasco Arias
1440,Lorena Ventura Vasquez
1441,Gino Raul Grunewald Condori
1442,Jimena Nunez Morales
1443,Jose Luis Queipul Vidal
1444,Pedro Toledo Cuicui
1445,Marcos Patricio Vargas Oyarzun
1446,Manuel Jesus Godoy Velasquez
1447,Cristian Felipe Ojeda Chiguay
1448,Francisco Carcamo Hernandez
1449,Gustavo Armando Lobos Marin
1450,Alba Munoz Munoz
1451,Fredy Antonio Barrueto Viveros
1452,Pablo Urrutia Maldonado
1453,Rolando Antonio Tirapegui Munoz
1454,Edgardo Solar Jara
1455,Mauricio Aquiles Paredes Ruiz
1456,Juan Elviro Carrasco Contreras
1457,Jorge Isaac Godoy Soto
1458,Luis Norambuena San Martin
1459,Jaime Aceiton Vasquez
1460,Jaime Quilodran Acuna
1461,Rodrigo Tapia Avello
1462,Claudio Andres Benavides Silva
1463,Alberto Gyhra Soto
1464,Jorge Enrique Munoz Alvarez
1465,Hilda Quezada Bravo
1466,Luis Mella Gajardo
1467,Luisa Ester Morales Lobos
1468,Mauricio Vinambres Adasme
1469,Amelia Herrera Silva
1470,Julio Trigo Araya
1471,Armando Lautaro Figueroa Aranda
1472,Washington Ulloa Villarroel
1473,Sergio Aguero Diaz
1474,Aristides Cardenas Garcia
1475,Gonzalo Castro Serrano
1476,Nelson Barrios Orostegui
1477,Nessy Moratelli Solar
1478,Carmen Gloria Fernandez Valenzuela
1479,Jorge Duran Espinoza
1480,Juan Carlos Soto Clivio
1481,Andrea Ximena Condemarin Fuentes
1482,Mauricio Carrasco Pardo
1483,Jose Varas Zuniga
1484,Richard Patricio Irribarra Ramirez
1485,Sebastian Cristobal Godoy Bustos
1486,Eduardo Soto Romero
1487,Alex Anich Allel
1488,Benito Bravo Delgado
1489,Carlos Humberto Garrido Carcamo
1490,Enrique Olivares Farias
1491,Pablo Chavez Valderrama
1492,Daniel Jadue Jadue
1493,Marcelo Teuber Carrillo
1494,Pablo Abraham Garrido Mardones
1495,Roberto Felipe Cofre Pinto
1496,Juan Carlos Reinao Marilao
1497,Claudio Alberto Musre Contreras
1498,Santiago Morales Velasquez
1499,Edgardo Sierra Neira
1500,Claudio Nicolas Castro Salas
1501,Luis Japaz Lucio
1502,Andres Sepulveda Rojas
1503,Carlos Ernesto Soto Gonzalez
1504,Marcos Jose Gatica Emparanza
1505,Antonio Silva Vargas
1506,Francina Carreno Maldonado
1507,Andres Silva Arenas
1508,Rodrigo Ramirez Parra
1509,Patricio Contreras Contreras
1510,Pedro Antonio Caballeria Diaz
1511,Juan Galdames Carmona
1512,Luis Reyes Alvarez
1513,Mirtala Catalina Hott Solis
1514,Americo Guajardo Oyarce
1515,Mauricio Antonio Montecino Canales
1516,Gary Valenzuela Rojas
1517,Juana Olivares de la Rivera
1518,Marcelo Orlando Santana Vargas
1519,Washington Alejandro Medina Martinez
1520,Ringo Alberto Padilla Castillo
1521,Carlos Schwalm Urzua
1522,Jaime Ramos Pairican
1523,Jessica Vidal Bittner
1524,Marcos Guzman Vargas
1525,Tatiana Vasquez Barrientos
1526,Helen Maclean Munoz
1527,Jorge Eduardo Jimenez Rojas
1528,Carlos Vergara Zerega
1529,Carlos Gabriel Cisterna Negrete
1530,Luis Nunez Ibarra
1531,Juan de Dios Paillafil Calfulen
1532,Maria Angelica Turrieta Yefi
1533,Ignacio Astete Nahuelcoy
1534,Jose Ruiz Muller
1535,Martin Arriagada Urrutia
1536,Francisco Melendez Rojas
1537,Anselma Hernandez Aviles
1538,Fernando Gallardo Pereira
1539,Gerardo Rojas Escudero
1540,Alejandro Tello Arata
1541,Omar Vera Castro
1542,Carmen Ximena Zamora Bravo
1543,Raul Marcelo Devia Ilabaca
1544,Nora Cuevas Contreras
1545,Marisela Santibanez Novoa
1546,Christopher White Bahamondes
1547,Manuel Ahumada Lillo
1548,Victor Manuel Martinez Nanco
1549,Hugo Gebrie Asfura
1550,Gaston Suazo Soto
1551,Francisco Contreras Salinas
1552,Juan Rojas Vergara
1553,Maria Ines Sepulveda Fuentes
1554,Luz Maria Ramirez Sepulveda
1555,Lautaro Garrido Nunez
1556,Rene Alejandro Mardones Valencia
1557,Julio Contreras Tapia
1558,Gabriel Bianchini Frost
1559,Claudio Almuna Garrido
1560,Lorena Jardua Campos
1561,Fernando Antonio Correa Sandoval
1562,Patricio Freire Canto
1563,Eugenio Cornejo Correa
1564,Ricardo Georges Cid
1565,Luis Antonio Berwart Araya
1566,Pablo Silva Perez
1567,Mario Gonzalez Maturana
1568,Doris Ramirez Arriagada
1569,Washington Polidori Venegas
1570,Edgar Carcamo Alderete
1571,Jaime Gonzalo Uribe Hermosilla
1572,Katerine Eliana Haro Ampuero
1573,Isabel Ojeda Harambour
1574,Osiel Soto Lagos
1575,Wilson Olivares Bustamante
1576,Jorge Ignacio Silva Sepulveda
1577,Cecilia Parham Mucarquer
1578,Sergio Echeverria Garcia
1579,Jose Contreras Silva
1580,Hector Leonardo Aravena Perez
1581,Luis Pezoa Alvarez
1582,Luis Vargas Sandoval
1583,Daniel Rodriguez Claverol
1584,Juan Carlos Aguirre Lizama
1585,Maximiliano Vargas Labra
1586,Bernardo Candia Henriquez
1587,Carlos Llancar Etcheverry
1588,Luis Sanhueza Bravo
1589,Julio Palestro Velasquez
1590,Andres Kebir Diban Dinamarca
1591,Rodrigo Gonzalez Ceron
1592,Guillermo Aravena Mondaca
1593,Victor Toro Leiva
1594,Victor Hugo Rice Sanchez
1595,Francisco Irribarra Barria
1596,Juan Carlos Soto Caucau
1597,Omar Alvarado Aguero
1598,Margarita del Carmen Proboste Pavez
1599,Angel Custodio Ruiz Cardenas
1600,Manuel Devia Vilches
1601,Florentino Flores Armijo
1602,Paulina Palacios Vergara
1603,Juan Carlos Jimenez Sufan
1604,Laura Montoya Pizarro
1605,Aliro Catur Zuleta
1606,Sandra Berna Martinez
1607,Eva de Guadalupe Siares Flores
1608,Maria Gutierrez Ramos
1609,Luis Alberto Alfaro Cutipa
1610,Audito Retamal Lazo
1611,Javier Enrique Guinez Castro
1612,Pedro Venegas Guerra
1613,Hemar Grollmus Avaria
1614,Claudia Diaz Bravo
1615,Alfredo Eusebio Bastias Mercado
1616,Patricio Poblete Yanez
1617,Miguel Angel Aguilera Sanhueza
1618,Claudia Lange Farias
1619,Lorenzo Andres Morales Cortes
1620,Rabindranath Acuna Olate
1621,Julian Edgardo Espinoza Guzman
1622,Duverlis Valenzuela Martinez
1623,Patricio Alberto Moncada Retamal
1624,Jaime Gonzalez Ramirez
1625,Virginia Troncoso Hellman
1626,Victor Galvez Trujillo
1627,Daniel Sebastian Salamanca Perez
1628,Daniel Enrique Iraira Sagredo
1629,William Arevalo Cornejo
1630,Jaime Lopez Fuenzalida
1631,Pedro Moreno Orellana
1632,Francisco Antonio Campos Suazo
1633,Jorge Augusto Alarcon Vidal
1634,Angel Castro Medina
1635,Victor Palma Cruces
1636,Claudio Zurita Ibarra
1637,Felipe Alessandri Vergara
1638,Carolina Toha Morales
1639,Alonso Matias Rojas Lopez
1640,Fabian Vasquez Silva
1641,Fernando Rodriguez Larrain
1642,Romy Jesus Farias Caballero
1643,Jose Guerrero Venegas
1644,Carlos Lopez Vega
1645,Julio Alberto Echeverria Rivera
1646,Carlos Alvarez Esteban
1647,Marco Antonio Zamora Bombal
1648,Pablo Esquivel Vasquez
1649,Alicia Stuardo Morales
1650,Juan Carlos Diaz Avendano
1651,Fernando Leal Aravena
1652,Marcelo Fernando Rojas Garcia
1653,Henry Campos Coa
1654,Leocan Portus Urbina
1655,Jaime Penailillo Garrido
1656,Cristobal Saavedra Alarcon
1657,Sergio Belmor Orellana Montejo
1658,Osvaldo Chavez Miranda
1659,Juan Manuel Mediano Pacheco
1660,Miguel Becker Alvear
1661,Juan Arcadio Aceiton Vasquez
1662,Felipe Valdebenito Leiva
1663,Ivan Sigfrido Ruben Cerda Zuniga
1664,David Benicio Espinoza Salamanca
1665,Sandra Valenzuela Perez
1666,Cecilia Toro Zepeda
1667,Claudio Enrique Leiva Reyes
1668,Eladio Vasquez Barraza
1669,Alfredo Riquelme Arriagada
1670,Yolanda Pezo Mardones
1671,Rene Fernandez Huerta
1672,Jorge Amado Alchao Antileo
1673,Leslie Sibonney Reyes Bustos
1674,Osvaldo Delgado Quevedo
1675,Jhon Manuel Sol Ramos
1676,Bernardo Joel Carrizo Diaz
1677,Sergio Dario Barahona Tirado
1678,Magaly Cortes Mercado
1679,Nelson Orellana Urzua
1680,Cesar Eugenio Mena Retamal
1681,Hector Manuel Ahumada Rojas
1682,Marcos Martic Haros
1683,Alfonso Simunovic Ojeda
1684,Luis Fernando Perez Zuniga
1685,Adolfo Millabur Nancuil
1686,Santo Reinao Millahual
1687,Juan Carlos Montecinos Rios
1688,German Alfonso Rios San Martin
1689,Luis Moyano Cruz
1690,Javier Rodrigo Pizarro Segura
1691,Fernando San Roman Bascunan
1692,Roylester Mendoza Arancibia
1693,Maria Cristina Olivares Soto
1694,Osvaldo Villacorta Toro
1695,Gricelda del Carmen Muniz Anch
1696,Guillermo Martinez Soto
1697,Nelson Sebastian Castro Trecanao
1698,Pilar Briones Gajardo
1699,Rigoberto Negron Santander
1700,Eduardo Aguilera Aguilera
1701,Ivonne Rivas Ortiz
1702,Jose Fuentealba Pardo
1703,Luis Alejandro Molina Vega
1704,Roberto Danilo Cardenas Silva
1705,Anahi Cardenas Rodriguez
1706,Bernardo Lopez Sierra
1707,Luis Alan Jimenez Cruces
1708,Claudio Landy Ruiz Ayan
1709,Susana Maripillan Zurita
1710,Ricardo Javier Sanhueza Pirce
1711,Luis Alvarez Valenzuela
1712,Rosanna Rathgeb Fuentes
1713,Luis Alberto Cuevas Ibarra
1714,Fernando Chandia Nova
1715,Jaime Veloso Jara
1716,Jose Antonio Fernandez Alister
1717,Alexi Andres Perez Castro
1718,Omar Sabat Guzman
1719,Marcos Ilabaca Cerda
1720,Alan Jesus Carrasco Silva
1721,Vicente Javier Gomez San Martin
1722,Cristian Hernando Tapia Ramos
1723,Armando Pablo Flores Jimenez
1724,Roberto Alegria Olivares
1725,Pablo Ogalde Meneses
1726,Jorge Esteban Sharp Fajardo
1727,Jorge Castro Munoz
1728,Leopoldo Mendez Alcayaga
1729,Carlos Lemus Cid
1730,Roberto Rivera Pino
1731,Roman Pavez Lopez
1732,Javier Jaramillo Soto
1733,Hugo Monsalves Castillo
1734,Juan Pablo Villagran Duran
1735,Rafael Enrique Vera Castillo
1736,Mario Aros Carvajal
1737,Susana Aguilera Vega
1738,Patricio Saenz Cofre
1739,Luis Esteban Figueroa Huecho
1740,Arturo Palma Vilches
1741,Pablo Fuentes Vallejos
1742,Luis Alegria Acuna
1743,Jose Sabat Marcos
1744,Gianni Rivera Foo
1745,Divka Rojic Puelma
1746,Alonso Elias Fierro Reguera
1747,Mauricio Riffo Mendez
1748,Pablo Astete Mermoud
1749,Gonzalo Alejandro Sanhueza Tellez
1750,Virginia Reginato Bozzo
1751,Rene Lues Escobar
1752,Javier Antonio Gomez Gonzalez
1753,Luis Aravena Egana
1754,Raul Torrealba del Pedregal
1755,Rodolfo Terrazas Gonzalez
1756,Helena Gallegos Cordones
1757,Isidora Rivas Fernandez
1758,Luis Cadegan Moran
1759,Eva Palma Leal
1760,Juan Cabezas Vega
1761,Raul Betancur Ayala
1762,Jaime Edgardo Gacitua Echeverria
1763,Veronica Monsalve Anabalon
1764,Eric Ulloa Saez
1765,Cristian Bernardo Astorga Canales
1766,Sandra Roa Montoya
1767,Sergio Parra Navarrete
1768,Rafael Cifuentes Rodriguez
1769,Pedro Enrique Inostroza Valenzuela
1770,Maria Angelica Reyes Ramos
1771,Hector Campos Molina
1772,Gustavo Alessandri Bascunan
1773,Carolina Letelier Riumallo
1774,Graciela Ortuzar Novoa
1775,Alfonso Rodriguez Labbe
1776,Rodrigo Plaza Munoz
1777,Jose Nunez Gonzalez
1778,Daniel Esteban Godoy Mendez
1779,Maria Paz Espinoza Carvajal
